<annotation>
  <folder>me</folder>
  <filename>me_4 Small.jpeg</filename>
  <source>
    <database>Unknown</database>
    <annotation>Unknown</annotation>
    <image>Unknown</image>
  </source>
  <size>
    <width>240</width>
    <height>320</height>
    <depth></depth>
  </size>
  <segmented>0</segmented>
  <object>
    <name>me</name>
    <truncated>0</truncated>
    <occluded>0</occluded>
    <difficult>0</difficult>
    <bndbox>
      <xmin>43.26</xmin>
      <ymin>108.44</ymin>
      <xmax>165.07</xmax>
      <ymax>280.66</ymax>
    </bndbox>
    <attributes>
      <attribute>
        <name>rotation</name>
        <value>0.0</value>
      </attribute>
    </attributes>
  </object>
</annotation>
